time,ax (m/s^2),ay (m/s^2),az (m/s^2),aT (m/s^2)
0.003392,0.2478,-0.0824,-0.1085,0.283
0.017549,0.1720,0.5207,-2.4647,2.525
0.033908,-0.0191,-0.2910,0.4864,0.567
0.048892,-0.2753,-0.4247,0.4615,0.685
0.062764,-0.2060,-0.1504,0.0542,0.261
0.075625,-0.1004,-0.0800,0.4284,0.447
0.091561,-0.0554,-0.0340,0.1989,0.209
0.104733,-0.0680,-0.0403,0.0330,0.086
0.121423,-0.0768,-0.0369,-0.1091,0.138
0.133597,-0.1099,0.0158,-0.0194,0.113
0.150383,-0.1228,0.0405,0.0696,0.147
0.162997,-0.0970,-0.0061,0.1640,0.191
0.177493,-0.1050,-0.0348,0.1971,0.226
0.193308,-0.0846,-0.0204,0.1588,0.181
0.207373,-0.0733,-0.0450,0.0921,0.126
0.220821,-0.0439,-0.1019,0.0830,0.139
0.237533,-0.0287,-0.1588,0.1366,0.211
0.250928,-0.0233,-0.1165,0.0516,0.130
0.264022,0.0059,-0.0263,0.0333,0.043
0.279367,-0.0326,-0.0115,0.1538,0.158
0.294193,-0.0701,-0.0398,0.2277,0.242
0.310036,-0.0397,-0.0648,0.1649,0.182
0.327760,0.0048,-0.0415,0.1080,0.116
0.336984,0.0490,-0.0318,0.1801,0.189
0.353631,0.0789,-0.0468,0.1624,0.187
0.368190,0.0423,-0.0433,0.1249,0.139
0.379677,0.0102,-0.0200,0.1647,0.166
0.396024,0.0031,-0.0206,0.2087,0.210
0.410466,0.0111,-0.0446,0.2192,0.224
0.427305,0.0154,-0.0788,0.2209,0.235
0.440134,0.0482,-0.0754,0.1603,0.184
0.455691,0.0481,-0.0618,0.1665,0.184
0.470195,0.0246,-0.0818,0.1986,0.216
0.484674,0.0636,-0.0966,0.2647,0.289
0.496473,0.1025,-0.0970,0.3030,0.334
0.512705,0.0748,-0.0897,0.2312,0.259
0.527551,0.0282,-0.1146,0.2068,0.238
0.540263,0.0297,-0.1067,0.1729,0.205
0.556159,0.0412,-0.0885,0.1865,0.211
0.570883,0.0336,-0.0800,0.1678,0.189
0.586203,0.0741,-0.0571,0.1780,0.201
0.600298,0.0671,-0.0683,0.1353,0.166
0.614562,-0.0116,-0.0262,0.2062,0.208
0.627974,-0.0190,-0.0121,0.3152,0.316
0.643734,-0.0159,-0.0459,0.4045,0.407
0.656104,-0.0416,0.0113,0.4740,0.476
0.672797,-0.0619,0.0290,0.4298,0.435
0.687112,-0.0287,-0.0299,0.3384,0.341
0.699470,-0.0057,-0.0458,0.2854,0.289
0.716329,-0.0875,-0.0522,0.2528,0.273
0.729478,-0.2024,-0.0876,0.1954,0.295
0.742830,-0.2656,-0.1280,0.1319,0.323
0.759925,-0.2767,-0.1494,0.0956,0.329
0.780347,-0.2779,-0.1321,0.0958,0.322
0.788295,-0.3069,-0.1298,0.0831,0.343
0.804602,-0.3347,-0.0893,0.0251,0.347
0.816624,-0.3332,-0.0441,0.0277,0.337
0.833614,-0.3463,-0.0989,0.0062,0.360
0.846754,-0.3398,-0.2022,-0.0662,0.401
0.859790,-0.4106,-0.2753,0.0460,0.496
0.877351,-0.4437,-0.2272,0.3737,0.623
0.890437,-0.2764,-0.0974,0.6985,0.757
0.903996,-0.2436,0.0948,1.0333,1.066
0.920723,-0.2748,0.2765,1.2071,1.268
0.933470,-0.4743,0.3649,1.1636,1.308
0.950023,-0.5939,0.3679,1.0440,1.256
0.963306,-0.6998,0.3095,0.9775,1.241
0.976711,-0.9681,0.2219,0.8916,1.335
0.993328,-0.9916,-0.0410,0.8738,1.322
1.006036,-1.0594,-0.2519,0.7393,1.316
1.019341,-1.0802,-0.3911,0.7038,1.347
1.036588,-0.9688,-0.4245,0.7441,1.293
1.051256,-0.7333,-0.4107,0.6686,1.074
1.064531,-0.5603,-0.3687,0.6035,0.902
1.080207,-0.5466,-0.2405,0.5573,0.817
1.093221,-0.5053,-0.1937,0.5466,0.769
1.108212,-0.3421,-0.2737,0.6764,0.806
1.122834,-0.2731,-0.2645,0.6906,0.788
1.136208,-0.0051,-0.3545,0.7350,0.816
1.152659,-0.2549,-0.2895,0.6408,0.748
1.167679,-0.4625,-0.3135,0.7412,0.928
1.179424,-0.5560,-0.3596,0.9517,1.159
1.195119,-0.6985,-0.3356,1.0751,1.325
1.209475,-0.8317,-0.2835,1.0929,1.402
1.223890,-0.9378,-0.2354,1.1243,1.483
1.240545,-0.9592,-0.2442,1.2357,1.583
1.254543,-0.7528,-0.3103,1.2432,1.486
1.268591,-0.7877,-0.3099,1.2729,1.529
1.284588,-1.1398,-0.4403,1.0579,1.616
1.296329,-0.2721,-0.4369,1.0699,1.187
1.311661,-0.6666,-0.3252,1.3263,1.520
1.326476,-0.7416,-0.3539,1.1878,1.444
1.339022,-0.8467,-0.3376,1.3279,1.611
1.355814,-0.8001,-0.2779,1.4165,1.650
1.371055,-0.7175,-0.3472,1.4557,1.660
1.384031,-0.7294,-0.2828,1.5268,1.716
1.399062,-0.8198,-0.1425,1.4706,1.690
1.413860,-0.8804,0.0130,1.5079,1.746
1.427932,-0.8727,0.1599,1.6028,1.832
1.441607,-0.7442,0.3365,1.7227,1.906
1.456350,-0.6053,0.4286,1.8922,2.032
1.471993,-0.3511,0.8728,1.8693,2.093
1.485992,0.0161,2.1914,1.8675,2.879
1.500064,-0.0411,3.3991,1.1150,3.578
1.515675,-1.0791,3.2563,-1.2071,3.637
1.529572,-2.7185,2.9271,-4.5824,6.079
1.542608,-1.4602,1.5525,-5.2223,5.640
1.558474,0.5285,0.2918,-0.8811,1.068
1.580587,1.3912,-0.2250,3.8627,4.112
1.586730,1.0599,-0.5776,3.9915,4.170
1.602521,0.4078,-0.7629,0.9384,1.276
1.617927,0.5854,-0.9186,-0.8673,1.392
1.631151,1.0895,-0.7322,-1.7161,2.161
1.645778,1.5160,0.0173,-2.3982,2.837
1.659337,1.4997,1.0853,-2.3443,2.987
1.678796,1.1621,1.6188,-0.8224,2.156
1.688631,0.9140,1.7188,0.8469,2.123
1.703245,0.6802,1.5945,1.2296,2.125
1.719374,0.6833,1.2479,0.5374,1.521
1.732572,0.4926,0.8132,0.3559,1.015
1.747911,0.4071,0.2715,0.5583,0.742
1.762244,0.4956,-0.3137,0.5762,0.822
1.776727,0.4147,-0.8813,0.5164,1.102
1.792810,0.0606,-1.2831,0.5586,1.401
1.805723,0.0493,-1.6021,0.6440,1.727
1.819061,0.5275,-1.9011,0.7503,2.111
1.836247,0.6153,-1.9949,0.3311,2.114
1.851479,0.8821,-2.0893,0.3865,2.301
1.863471,0.8517,-2.1934,0.6341,2.437
1.878402,0.6175,-2.2714,0.6018,2.430
1.892621,0.5079,-2.1578,0.5880,2.293
1.906938,0.3997,-1.9782,0.6132,2.109
1.922851,0.2646,-1.7368,0.6534,1.874
1.935214,0.1617,-1.4039,0.8524,1.650
1.952750,0.0016,-1.0867,1.0073,1.482
1.968271,-0.1565,-0.8755,1.0921,1.408
1.979364,-0.2624,-0.7798,1.1588,1.421
1.995064,-0.2399,-0.6408,1.2022,1.383
2.007238,-0.2241,-0.5020,1.2896,1.402
2.021926,-0.2072,-0.3907,1.4866,1.551
2.039764,-0.2285,-0.3464,1.7081,1.758
2.054387,-0.1543,-0.2402,1.8780,1.900
2.068826,-0.3050,0.0901,1.9854,2.011
2.083846,-0.5466,0.4947,1.9592,2.093
2.096677,-0.9862,0.7931,1.7928,2.194
2.110445,-1.4270,0.9382,1.5730,2.322
2.125050,-1.5224,1.0294,1.7499,2.538
2.139001,0.0383,0.3607,2.2035,2.233
2.155612,-0.7850,1.9050,2.5412,3.272
2.170233,0.1519,3.5356,1.3750,3.797
2.182705,1.7977,5.4427,0.3715,5.744
2.198958,2.8492,4.2761,-0.9546,5.226
2.212273,2.4897,2.3284,-1.7565,3.835
2.226134,-0.9540,1.1342,-2.3023,2.738
2.243421,-3.0063,0.4187,-0.9498,3.180
2.255930,-2.4888,-0.1117,-0.1598,2.496
2.272719,-0.9619,-0.0828,-1.1034,1.466
2.286302,0.2007,1.0266,-2.2233,2.457
2.299257,0.0669,2.0943,-3.2153,3.838
2.315094,-0.7519,2.6586,-2.9885,4.070
2.327757,-0.9977,2.4888,-1.6383,3.142
2.342032,-0.6661,1.7819,-0.4033,1.945
2.356920,-0.1059,0.4572,0.4257,0.634
2.372915,0.1858,-0.8309,0.9833,1.301
2.388558,0.0195,-1.4618,-0.3426,1.502
2.401623,-0.0438,-1.9260,-1.1704,2.254
2.415776,0.1256,-2.4347,-1.0501,2.654
2.430655,-0.1514,-2.7290,-0.7963,2.847
2.444006,-0.2349,-2.9651,-0.4938,3.015
2.457779,-0.4676,-3.0293,-0.1181,3.067
2.478640,-0.5666,-3.0499,0.3235,3.119
2.488613,-0.8460,-3.0668,0.6379,3.245
2.501857,-1.0326,-2.9382,0.7045,3.193
2.519262,-1.6393,-2.4373,0.2937,2.952
2.531097,-1.5781,-1.9913,-0.1272,2.544
2.547762,-1.4649,-1.6148,-0.2640,2.196
2.562354,-1.0324,-1.3712,0.1744,1.725
2.580801,-0.8040,-1.3109,0.4575,1.604
2.591145,-0.7275,-1.3698,0.7780,1.735
2.607734,-0.6000,-1.3360,1.3214,1.973
2.619632,-0.3799,-1.1513,1.6479,2.046
2.635665,-0.1113,-0.6538,1.6630,1.790
2.649493,0.0586,-0.0719,1.5086,1.511
2.661932,0.2168,0.3702,1.1411,1.219
2.680276,0.2557,0.6985,0.8631,1.139
2.689960,0.1789,0.8329,0.8662,1.215
2.707551,0.0987,0.7940,1.1890,1.433
2.722170,0.0597,0.8250,1.9342,2.104
2.734070,-0.2623,1.0305,2.4087,2.633
2.750852,-0.5279,1.3973,2.7365,3.118
2.764499,-0.0847,2.9260,2.6005,3.916
2.778331,-0.1216,4.1407,1.5216,4.413
2.794124,-0.9490,4.0725,-0.6617,4.234
2.808172,-1.0939,3.0016,-6.2505,7.020
2.821806,-3.7910,1.9488,-11.5707,12.331
2.838559,2.1853,-1.2219,-9.6260,9.946
2.853023,5.0243,-0.3202,2.8424,5.781
2.866962,5.1757,2.5577,12.7956,14.038
2.881453,0.7787,5.2804,0.9166,5.416
2.896018,0.8479,5.2504,-6.5117,8.408
2.909545,1.6481,3.8512,-5.2789,6.739
2.925905,1.4338,2.5523,-1.1521,3.146
2.938049,0.9473,1.8596,0.6408,2.183
2.954912,0.3523,1.1237,1.1472,1.644
2.969272,0.0504,0.0538,0.8855,0.889
2.980608,-0.1445,-1.0956,0.2152,1.126
2.997995,-0.3938,-2.1146,-0.7010,2.262
3.010701,-0.3852,-2.9293,-1.1872,3.184
3.026115,-0.1848,-3.5199,-1.0425,3.676
3.042337,0.3667,-4.0452,-0.5267,4.096
3.054257,0.5661,-4.0180,0.0241,4.058
3.068950,0.8204,-4.0161,-0.2070,4.104
3.083517,1.3805,-3.9444,-0.2072,4.184
3.097279,1.0805,-3.5708,-0.4150,3.754
3.113931,0.7516,-3.1164,-0.7195,3.286
3.127661,0.6087,-2.7494,-0.5815,2.875
3.140811,0.4824,-2.4675,-0.3048,2.533
3.156951,0.3828,-2.3025,0.2085,2.343
3.171296,0.4093,-2.0461,0.8577,2.256
3.185269,0.3712,-1.8090,1.4873,2.371
3.200451,0.2029,-1.5433,1.5979,2.231
3.217226,-0.0391,-1.1921,1.6334,2.023
3.230084,-0.1913,-0.6424,1.4844,1.629
3.244107,-0.3468,0.1185,1.4646,1.510
3.257534,-0.4875,0.6691,1.4427,1.663
3.279754,-0.5256,0.8599,1.7588,2.027
3.288023,-0.4909,0.9480,1.5998,1.923
3.301966,-0.4104,1.1117,1.4071,1.840
3.319250,-0.2153,1.4480,1.7968,2.318
3.332319,-0.0572,1.7091,2.4234,2.966
3.346452,-0.9665,2.3381,2.9022,3.850
3.360983,-0.4000,2.8236,3.9243,4.851
3.379616,0.4217,4.7649,2.5643,5.427
3.388909,1.3803,6.7533,-0.3324,6.901
3.406404,2.7411,4.5960,-3.7820,6.553
3.417934,2.9633,1.4637,-5.3636,6.300
3.432455,0.8087,-0.6622,-5.3090,5.411
3.450118,-2.7083,-0.2850,-2.4683,3.675
3.461584,-4.3091,2.0697,0.8023,4.847
3.480595,-2.4008,3.5571,0.5818,4.331
3.491246,-0.5497,4.1818,-0.9064,4.314
3.505775,-0.2032,3.5917,-1.5842,3.931
3.520318,-0.1185,2.0662,-2.1507,2.985
3.533823,0.2002,0.5393,-1.6788,1.775
3.549773,0.4202,-0.7553,-0.6451,1.078
3.564339,0.1733,-1.8195,0.1313,1.832
3.577743,0.2114,-2.6722,0.9547,2.845
3.593117,0.2254,-3.4813,0.5482,3.531
3.607128,0.0119,-4.1422,-0.4132,4.163
3.620551,0.0281,-4.4316,-0.9709,4.537
3.637932,-0.6765,-4.0298,-1.1721,4.251
3.652588,-1.3392,-3.7835,-1.2262,4.197
3.665725,-1.6240,-3.5815,-0.8527,4.024
3.681646,-1.4774,-3.3141,-0.3135,3.642
3.694198,-1.4652,-3.0486,0.0236,3.383
3.710963,-1.3962,-2.7886,0.3100,3.134
3.723940,-1.0585,-2.4262,0.1837,2.653
3.736705,-1.0404,-1.8148,0.2817,2.111
3.754455,-0.7885,-1.2397,0.4971,1.551
3.768090,-0.9009,-0.6980,0.8186,1.403
3.780434,-0.8534,-0.1993,1.0100,1.337
3.795836,-0.6373,0.2014,1.4944,1.637
3.810349,-0.3525,0.5915,1.7545,1.885
3.823640,0.1488,0.9770,1.8528,2.100
3.839692,0.7585,1.2732,2.0701,2.546
3.854839,1.1191,1.4910,1.9438,2.693
3.868929,1.1417,1.5982,1.7509,2.631
3.883519,0.8914,1.5223,1.3196,2.203
3.896563,0.5653,1.3635,1.2102,1.909
3.911731,0.5001,1.1450,1.7392,2.141
3.926437,0.6935,1.0617,2.2360,2.571
3.939592,1.1379,2.2697,1.8407,3.136
3.955131,0.5394,3.2534,0.9149,3.422
3.971191,-1.7446,3.3237,-0.7283,3.824
3.983489,-1.9750,0.7998,-6.7445,7.073
3.999071,-4.1819,0.7784,-11.4850,12.247
4.014035,0.4750,0.1866,-12.0526,12.063
4.027990,5.1355,2.3123,-1.5423,5.839
4.044586,4.3731,4.5623,9.0458,11.035
4.056387,0.6411,5.7512,6.1034,8.411
4.071680,-1.3049,4.4522,-1.6571,4.927
4.087098,-0.7506,2.8364,-3.7621,4.771
4.100356,-0.1550,1.5203,-2.3456,2.799
4.116473,-0.3574,0.9085,-2.0716,2.290
4.129089,-0.3932,0.3364,-1.6300,1.710
4.143897,-0.3297,-0.6363,-0.5569,0.908
4.159244,-0.3967,-1.6864,0.2657,1.753
4.178626,-0.4726,-2.5521,0.2276,2.605
4.188784,-0.5991,-3.1513,0.0924,3.209
4.203697,-0.5166,-3.5045,-0.3708,3.562
4.217669,0.0147,-3.9549,-0.6425,4.007
4.232094,0.6673,-4.1203,-0.4185,4.195
4.248374,0.2357,-4.0204,-0.6936,4.087
4.260464,0.8570,-4.0977,-0.2537,4.194
4.279918,0.9715,-3.8910,-0.0257,4.011
4.290942,0.9115,-3.5253,-0.1296,3.644
4.303985,0.8266,-3.0765,0.0944,3.187
4.319391,0.7068,-2.5478,0.1660,2.649
4.333414,0.5903,-2.0569,0.3754,2.173
4.349573,0.4576,-1.5434,1.0047,1.898
4.362806,0.2360,-0.9450,1.6383,1.906
4.379725,0.1531,-0.2909,1.9092,1.937
4.392117,-0.0501,0.1680,1.6918,1.701
4.406140,-0.2648,0.6200,1.8007,1.923
4.418636,-0.5043,0.8602,1.5785,1.867
4.435721,-0.6428,1.2042,1.1331,1.774
4.452565,-0.5912,1.5993,1.1122,2.036
4.464111,-0.1133,1.8229,1.5148,2.373
4.478809,0.3837,1.7866,2.8335,3.372
4.494244,0.2683,1.3064,3.6165,3.855
4.507113,-0.9119,1.2330,4.3611,4.623
4.524064,-0.9407,2.6063,3.6045,4.546
4.536319,-0.5404,5.5941,-0.0014,5.620
4.553130,2.0364,5.9863,-2.5882,6.832
4.567941,5.8656,0.4741,-3.9770,7.103
4.579370,2.9323,-2.4603,-4.6988,6.061
4.595244,-0.3567,-2.2929,-8.1994,8.521
4.609327,-2.9277,1.3571,-9.2367,9.784
4.622913,-4.1958,5.8615,-2.5821,7.657
4.639043,-2.0465,7.4284,2.5347,8.111
4.653129,0.0455,4.6738,2.4141,5.261
4.667450,0.0172,2.5597,2.0019,3.250
4.683094,0.1482,0.7412,-0.3710,0.842
4.695837,0.1758,-0.4418,-1.2093,1.299
4.710316,-0.4010,-1.1284,-1.7598,2.129
4.725927,-0.2579,-2.0128,-1.4717,2.507
4.738568,-0.1482,-2.8117,-1.2876,3.096
4.754596,0.0686,-3.4420,-0.8162,3.538
4.768639,-0.0946,-3.8409,-0.4883,3.873
4.783337,-0.8836,-4.0432,-0.3380,4.152
4.797752,-1.1414,-3.9367,0.0331,4.099
4.813381,-1.0300,-3.7053,-0.1586,3.849
4.826291,-1.0073,-3.4224,-0.4569,3.597
4.841593,-0.8146,-3.0556,-0.4762,3.198
4.855581,-0.6160,-2.5670,-0.1216,2.643
4.872159,-0.3622,-1.9690,0.0573,2.003
4.885654,0.0049,-1.4980,0.3956,1.549
4.898981,-0.0096,-1.1562,0.7638,1.386
4.915741,0.0368,-0.8943,1.1567,1.463
4.928368,-0.1351,-0.4623,1.5022,1.578
4.942765,-0.3134,-0.0833,1.6728,1.704
4.957245,-0.6108,0.3000,1.7753,1.901
4.979260,-0.4594,0.5691,1.7812,1.925
4.988247,0.1169,0.8736,1.8385,2.039
5.004165,0.4765,1.2011,1.8352,2.244
5.017767,0.3621,1.5304,1.5788,2.228
5.032624,0.0225,1.8044,1.0694,2.098
5.046001,-0.4663,2.0785,1.2833,2.487
5.058012,-0.7144,2.0388,2.1416,3.042
5.077484,-0.0600,1.7734,2.8548,3.361
5.087993,1.2531,2.5345,2.1063,3.526
5.102293,1.8608,5.3206,0.3136,5.645
5.117978,-1.4820,5.1610,-1.2400,5.511
5.132783,-4.0698,0.5307,-4.8021,6.317
5.147242,-2.3974,-2.7669,-9.1430,9.849
5.161142,1.6735,-4.5960,-7.6984,9.121
5.178012,3.8663,-2.0004,-0.9462,4.455
5.189821,3.3703,2.8259,2.7772,5.202
5.205268,1.1682,5.8994,2.0856,6.365
5.218684,-1.0621,6.0982,-0.7234,6.232
5.234205,-0.2725,3.5597,-2.8081,4.542
5.247540,0.6062,1.7883,-2.6899,3.286
5.261728,0.7182,0.7605,-1.8268,2.105
5.277900,0.4383,0.5116,-0.7485,1.007
5.297046,-0.0279,-0.2061,0.1487,0.256
5.306174,-0.6396,-1.2919,0.2712,1.467
5.320368,-1.2985,-2.1798,-0.3561,2.562
5.334783,-1.3357,-2.8741,-0.7272,3.252
5.350158,-0.8186,-3.2716,-0.4011,3.396
5.365135,0.0991,-3.5256,-0.0993,3.528
5.377937,0.9112,-3.5092,0.1516,3.629
5.393424,1.2193,-3.4446,0.0226,3.654
5.408779,1.2295,-3.4227,-0.0083,3.637
5.421476,0.9725,-3.2337,0.0200,3.377
5.437421,0.8084,-2.9069,0.0179,3.017
5.452579,0.5910,-2.4964,-0.3244,2.586
5.466516,0.5049,-2.3474,0.0926,2.403
5.481508,0.5892,-2.2779,0.5902,2.426
5.496319,0.5491,-2.0338,0.9634,2.316
5.508946,0.3674,-1.6370,1.3075,2.127
5.524107,0.0979,-1.1754,1.5142,1.919
5.537069,-0.1217,-0.5887,1.7374,1.838
5.553678,-0.2902,-0.2101,1.5138,1.556
5.566989,-0.5203,0.2289,1.1590,1.291
5.581666,-0.6048,0.6770,0.6520,1.118
5.599754,-0.4937,1.1605,0.3250,1.302
5.612377,0.1136,1.6885,0.6308,1.806
5.625601,0.8439,2.0547,1.5166,2.690
5.640413,0.8254,2.0962,2.5346,3.391
5.654901,-0.2633,2.4332,3.3247,4.128
5.670408,-1.5178,4.0130,3.2235,5.366
5.684635,-0.3496,6.7756,0.8896,6.843
5.698652,2.3323,6.7057,-0.1031,7.100
5.714137,4.0355,2.4806,-2.7025,5.454
5.727149,2.7350,-0.6456,-4.3962,5.218
5.742774,0.5256,-2.6181,-3.8385,4.676
5.756476,-4.3256,-1.2317,-2.5398,5.165
5.771885,-5.3034,1.8430,-0.9242,5.690
5.786330,-2.2085,4.4141,0.7176,4.988
5.800968,0.5939,5.2875,0.5010,5.344
5.815602,1.3646,4.2118,-0.6768,4.479
5.829133,1.5430,2.0543,-2.3127,3.457
5.843117,1.4233,0.4379,-2.1827,2.642
5.858541,1.0122,-0.5679,-1.9035,2.229
5.873230,0.3540,-1.4890,-0.4393,1.592
5.887290,0.1363,-2.5553,0.5389,2.615
5.900402,-0.1418,-3.5655,0.6926,3.635
5.917029,-0.2044,-4.3484,0.6017,4.395
5.931332,-0.7178,-4.5505,0.0039,4.607
5.945245,-1.2472,-4.3859,-0.6052,4.600
5.959771,-1.5291,-4.2133,-0.9000,4.572
5.974134,-1.6888,-3.7758,-0.9916,4.253
5.994675,-1.7129,-3.1884,-0.8377,3.715
6.003980,-1.6167,-2.5600,-0.4225,3.057
6.017167,-1.5550,-1.8586,0.2269,2.434
6.033114,-1.3725,-1.3020,0.5231,1.963
6.048314,-1.1396,-0.8082,0.7213,1.572
6.060439,-0.8857,-0.4862,0.8707,1.334
6.079783,-0.6697,-0.3495,1.1176,1.349
6.091213,-0.3707,-0.2457,1.3159,1.389
6.104712,-0.1092,-0.1577,1.3228,1.337
6.120310,0.1116,-0.0538,1.4411,1.446
6.133318,0.3178,0.0508,1.6818,1.712
6.148799,0.3868,0.2789,1.9537,2.011
6.163185,0.4164,0.7832,2.0323,2.217
6.181093,0.4371,1.4708,1.8106,2.373
6.192116,0.1738,1.8937,2.0824,2.820
6.206382,-0.5142,1.9583,2.3770,3.122
6.219753,-1.0465,1.9438,2.4190,3.275
6.236224,-0.2572,1.9946,2.3526,3.095
6.251325,1.2744,3.4850,1.1978,3.899
6.263846,0.8789,6.5440,1.6138,6.797
6.280155,-1.5812,5.8180,0.2005,6.032
6.293852,-4.0174,2.3354,-6.0039,7.592
6.310818,-1.6372,-0.8737,-11.5983,11.746
6.322347,0.1467,-2.1162,-11.3564,11.553
6.336560,4.2322,-2.3673,-4.8570,6.863
6.351595,6.5798,1.3139,4.9961,8.365
6.365414,3.4401,4.0207,8.2508,9.802
6.379825,0.6113,3.3584,2.3990,4.172
6.395429,-0.4141,2.4798,-1.5374,2.947
6.409475,-0.7340,1.4960,-2.7676,3.231
6.424528,-0.7651,0.4542,-2.3674,2.529
6.439342,-0.6663,-0.1000,-1.8691,1.987
6.453390,-0.2677,-0.6579,-1.4975,1.657
6.468994,-0.5049,-1.3288,-0.6477,1.562
6.483366,-0.5759,-2.0519,0.2369,2.144
6.497121,-0.2483,-2.9250,0.5905,2.994
6.511742,-0.2988,-3.0523,0.9859,3.221
6.526493,-0.2311,-3.2424,0.0424,3.251
6.540282,0.9072,-3.4475,-0.3336,3.580
6.554722,1.6337,-3.5196,-0.0937,3.881
6.570500,1.7677,-3.5851,0.0128,3.997
6.585339,1.4432,-3.2870,-0.1126,3.592
6.598810,0.9267,-2.7743,-0.1514,2.929
6.614191,0.5893,-2.2433,0.2880,2.337
6.627464,0.2166,-1.7802,0.6349,1.902
6.642564,0.0789,-1.5608,0.8514,1.780
6.657132,0.0515,-1.3945,0.9333,1.679
6.671124,-0.0565,-1.0518,1.1273,1.543
6.687438,-0.1701,-0.6519,1.3502,1.509
6.705285,-0.3256,-0.1593,1.8410,1.876
6.715850,-0.4729,0.2734,1.9695,2.044
6.729751,-0.7696,0.7833,1.6680,1.997
6.743567,-0.8032,1.2305,1.1413,1.861
6.757869,-0.6415,1.5803,0.9121,1.934
6.773118,-0.0985,1.9652,1.2877,2.352
6.792979,-0.0655,2.2467,2.1237,3.092
6.803423,-0.2803,1.9704,2.9665,3.572
6.817108,0.7505,1.0054,4.3353,4.513
6.831610,-0.9117,2.1701,4.5413,5.115
6.847169,-0.0020,4.9039,1.7799,5.217
6.860464,1.1632,6.4004,-2.6391,7.020
6.875925,2.5333,3.1674,-7.5799,8.597
6.892720,3.3500,-0.5804,-9.1306,9.743
6.903957,1.9914,-1.8466,-7.6409,8.109
6.920616,-1.9521,0.0673,-3.8169,4.288
6.933008,-4.9721,3.8981,0.9032,6.382
6.948761,-3.7658,6.2041,3.3836,8.008
6.963433,0.3005,4.3637,2.4725,5.024
6.976623,2.2010,1.9577,1.3509,3.241
6.994339,1.6971,-0.2138,-0.6892,1.844
7.006537,1.3020,-1.6658,-1.5276,2.608
7.020045,0.3583,-2.3665,-2.3911,3.383
7.035655,0.0537,-3.0140,-1.5035,3.369
7.051082,-0.1973,-3.6034,-0.5722,3.654
7.064241,-0.2677,-4.1102,0.5272,4.153
7.080404,-0.4246,-4.2782,1.0941,4.436
7.093611,-0.9817,-4.0157,0.6872,4.191
7.107509,-1.4653,-3.6435,0.2461,3.935
7.122625,-1.6934,-3.1407,-0.0877,3.569
7.135884,-1.7521,-2.5318,-0.3690,3.101
7.151578,-1.6169,-1.9072,-0.4981,2.549
7.165578,-1.3971,-1.3988,-0.3489,2.008
7.179940,-1.1878,-0.9895,0.0753,1.548
7.199131,-0.9226,-0.7413,0.5616,1.310
7.209246,-0.8209,-0.6220,1.1353,1.533
7.224334,-0.7209,-0.4565,1.4652,1.696
7.239584,-0.4586,-0.2448,1.5294,1.615
7.253734,-0.2430,-0.0654,1.7676,1.785
7.266572,-0.0643,0.0750,1.9337,1.936
7.283385,0.2063,0.3754,1.6906,1.744
7.297878,0.5614,0.7047,1.4365,1.696
7.313478,0.7695,1.0972,1.3656,1.913
7.328211,0.5135,1.3904,1.5741,2.162
7.339829,-0.2290,1.6038,1.5367,2.233
7.355663,-1.1809,1.7679,1.4062,2.549
7.370133,-1.0388,1.6288,1.6640,2.550
7.383793,0.5496,2.2326,1.1912,2.590
7.401801,1.6414,4.5895,1.8054,5.198
7.413748,0.8216,5.1868,1.5371,5.472
7.428471,-2.2966,2.6205,-3.9291,5.252
7.442680,-2.3272,0.0329,-10.3356,10.594
7.457056,-0.0473,-1.8151,-11.5597,11.701
7.471891,4.1719,-1.6189,-6.1082,7.572
7.486521,6.4270,1.6331,6.6430,9.386
7.499607,2.6931,4.3850,7.6610,9.229
7.518056,-0.7826,5.0100,1.0075,5.170
7.529545,-1.0190,3.0981,-1.7743,3.713
7.544339,-0.8384,1.8662,-3.1340,3.743
7.558335,-0.2077,0.9071,-3.3431,3.470
7.573826,-0.2715,0.6985,-2.4251,2.538
7.586939,-0.0229,0.1688,-0.7439,0.763
7.603733,0.1851,-1.0038,0.3624,1.083
7.616800,-0.1693,-2.1925,0.7452,2.322
7.632637,1.0367,-3.3157,1.1036,3.645
7.646811,-0.4787,-3.5078,-0.2361,3.548
7.660548,0.3406,-4.0387,-0.6513,4.105
7.675073,0.8576,-4.1605,-0.4966,4.277
7.700808,1.3159,-4.2750,0.0232,4.473
7.704017,1.3972,-4.0784,0.1949,4.315
7.718730,1.1748,-3.6258,0.2937,3.823
7.732918,0.6240,-3.1706,0.3178,3.247
7.747007,0.1525,-2.6191,0.4088,2.655
7.762500,-0.0087,-2.0767,0.4627,2.128
7.776688,-0.1466,-1.5782,0.4032,1.635
7.792649,-0.0377,-1.2454,0.9914,1.592
7.806044,-0.0070,-0.9876,1.8352,2.084
7.818980,-0.0293,-0.6174,2.4515,2.528
7.833723,-0.5468,0.0125,2.2947,2.359
7.849595,-1.1043,0.3462,1.4106,1.825
7.862674,-1.2471,0.8201,0.5651,1.596
7.877732,-0.9533,1.2156,-0.6436,1.674
7.893743,-0.0122,1.9227,-0.0348,1.923
7.907637,0.5048,2.2009,1.8474,2.917
7.921071,0.8131,1.6856,3.5209,3.987
7.935937,-0.4423,2.2250,3.8707,4.487
7.951675,0.1170,2.8134,3.5530,4.534
7.965585,1.1345,5.6042,0.4108,5.733
7.979411,3.4361,5.9014,-3.5288,7.687
7.993334,4.4583,2.4663,-7.2951,8.898
8.008360,4.2051,-0.7889,-6.2748,7.595
8.022893,0.9097,-2.3772,-3.8258,4.595
8.037570,-3.6518,-1.0763,-0.9314,3.919
8.052505,-5.9532,2.5255,0.9725,6.539
8.067143,-5.0385,5.9590,0.9488,7.861
8.081736,-0.6947,6.3403,-0.5073,6.398
8.095388,2.0246,3.7144,-1.3205,4.432
8.109972,1.9811,1.3456,-3.0079,3.845
8.125239,1.6031,-0.1935,-2.6129,3.072
8.137888,1.0736,-0.9676,-1.3057,1.948
8.154169,0.5169,-1.5282,-0.2164,1.628
8.168515,0.3252,-2.4901,0.6653,2.598
8.182170,0.4337,-3.3940,0.8252,3.520
8.197510,0.0227,-3.8484,0.1462,3.851
8.212155,-0.4853,-4.2178,-0.4437,4.269
8.228127,-1.5944,-4.1722,-0.8017,4.538
8.239932,-2.4720,-3.9620,-0.8752,4.751
8.255127,-2.8241,-3.4188,-0.5713,4.471
8.269779,-2.6044,-2.6803,-0.0317,3.737
8.284430,-2.2161,-1.8283,0.3045,2.889
8.298426,-2.1279,-1.1636,0.5918,2.496
8.313552,-1.7281,-0.9146,0.6356,2.056
8.327632,-1.2210,-0.7229,0.5180,1.511
8.341020,-0.7178,-0.6387,0.6773,1.176
8.357087,-0.3045,-0.6206,0.8908,1.128
8.370960,0.0076,-0.6460,1.0553,1.237
8.385755,0.0529,-0.6818,1.1823,1.366
8.400723,0.0200,-0.7306,1.4392,1.614
8.415412,0.2275,-0.6314,1.6407,1.773
8.429448,0.6240,-0.1635,1.8975,2.004
8.444680,0.9781,0.4681,1.8526,2.147
8.458309,1.0256,1.0664,1.3713,2.017
8.473515,0.7398,1.3797,1.1469,1.941
8.491581,0.3099,1.5573,1.2760,2.037
8.501927,-0.0315,1.6656,1.6274,2.329
8.517808,0.2242,1.7472,1.8200,2.533
8.531017,0.8365,3.1918,1.7534,3.737
8.546846,-0.5137,5.2841,1.3061,5.467
8.562129,-2.1611,5.6850,-0.7876,6.133
8.574911,-5.0310,2.4620,-6.5796,8.641
8.593075,-3.8522,-0.2614,-8.0072,8.890
8.604133,0.6937,-2.2075,-7.5679,7.914
8.618383,5.5176,-1.4600,-2.7208,6.323
8.633991,6.5055,1.8398,5.0136,8.417
8.648231,3.9331,4.8190,4.9357,7.941
8.661280,0.3262,5.3157,0.2250,5.330
8.677419,-1.0451,4.0880,-1.9929,4.666
8.693717,-1.7364,2.4148,-3.1066,4.301
8.706153,-1.4574,0.7802,-2.1803,2.736
8.720756,-1.0684,0.2529,-1.7495,2.066
8.734559,-0.9111,-0.4522,-0.8710,1.339
8.749916,-0.8151,-1.4527,0.0223,1.666
8.764285,-0.1109,-2.8385,0.8391,2.962
8.777718,-0.4028,-2.6615,-0.3232,2.711
8.793866,-0.2490,-3.3557,-0.6562,3.428
8.807965,0.5734,-3.6553,-0.7141,3.768
8.822286,1.0174,-3.5687,-0.5749,3.755
8.837719,1.1421,-3.5090,-0.6837,3.753
8.853342,1.2318,-3.4990,-0.3214,3.723
8.867879,1.0727,-3.2226,-0.0055,3.396
8.882776,0.8485,-2.8241,0.0842,2.950
8.895312,0.6437,-2.3824,0.1854,2.475
8.911935,0.4801,-1.9597,0.3031,2.040
8.928495,0.4157,-1.6452,0.4914,1.767
8.937806,0.4365,-1.3302,0.7705,1.598
8.954796,0.3960,-1.0722,1.0829,1.574
8.969402,0.3314,-0.7489,1.2994,1.536
8.980927,0.3614,-0.4438,1.4622,1.570
8.997773,0.6653,-0.2275,1.7082,1.847
9.012600,0.8725,-0.0853,1.6075,1.831
9.026074,0.7752,0.2557,1.4231,1.641
9.039415,0.5898,0.6904,1.0868,1.416
9.054788,0.5229,1.1714,0.9851,1.617
9.069197,0.8781,1.4289,1.5258,2.267
9.084555,1.1955,1.3085,2.4265,3.005
9.097575,0.8205,1.2239,3.2388,3.558
9.113506,-0.0533,2.4178,3.5688,4.311
9.126785,-0.3738,5.3903,1.1232,5.519
9.142239,0.5124,7.1107,-0.7788,7.172
9.160088,1.1131,6.1614,-3.4259,7.137
9.170532,2.5036,0.8850,-5.3746,5.995
9.184371,1.1383,-2.3083,-4.0062,4.762
9.199209,-2.4346,-2.3782,-2.5349,4.244
9.213352,-3.7852,-0.8718,0.2517,3.892
9.227641,-4.0155,1.4158,0.7747,4.328
9.242521,-2.7851,3.4173,0.4701,4.433
9.257363,0.1664,4.3525,-0.8662,4.441
9.271005,1.9106,3.5747,-2.0266,4.532
9.288567,1.7661,1.0535,-1.8865,2.791
9.300453,1.0804,-0.2954,-1.0595,1.542
9.316062,0.0565,-1.1996,-0.6409,1.361
9.330176,-0.2747,-2.1280,0.1089,2.148
9.345321,-0.5726,-2.8848,0.2594,2.952
9.358752,-0.6393,-3.4512,-0.2188,3.517
9.374611,-0.6270,-3.6182,-0.6474,3.729
9.392706,-0.6679,-3.5067,-0.7913,3.656
9.403141,-1.1222,-3.1468,-0.6621,3.406
9.417161,-0.9747,-2.7511,-1.0321,3.096
9.432692,-1.0534,-2.4074,-0.6943,2.718
9.447489,-1.2034,-2.1060,-0.3212,2.447
9.461653,-1.0563,-1.7695,0.0290,2.061
9.476919,-0.7678,-1.4324,0.3703,1.667
9.494466,-0.4939,-1.1555,0.8692,1.528
9.506939,-0.3826,-0.9863,1.0516,1.492
9.521701,-0.2530,-0.8374,1.1282,1.428
9.534499,-0.2065,-0.8785,1.1787,1.485
9.550804,-0.2263,-1.0014,1.1883,1.570
9.564625,-0.2811,-0.9763,1.1994,1.572
9.578389,-0.2884,-0.6979,1.2665,1.475
9.592230,-0.2561,-0.1473,1.3989,1.430
9.608256,-0.2415,0.5074,1.4267,1.533
9.619719,-0.1582,1.2022,1.6346,2.035
9.637173,-0.2732,1.7043,1.7237,2.439
9.652741,-0.3728,1.9019,1.8793,2.700
9.665124,-0.3673,1.8743,2.3637,3.039
9.682294,-0.2368,1.9738,2.5640,3.244
9.694987,0.6952,3.2848,1.8686,3.842
9.710948,-0.2469,5.4021,1.4956,5.611
9.724723,-2.5267,5.9665,0.9353,6.547
9.736614,-4.7660,3.4490,-3.7666,6.986
9.753616,-5.1934,1.1344,-7.6362,9.304
9.768110,-1.8801,-1.0899,-7.4432,7.754
9.780907,4.3889,-3.3553,-3.0714,6.321
9.794837,7.9298,-2.5997,4.4866,9.475
9.810541,5.1611,1.3645,4.6380,7.072
9.825749,0.5708,4.0185,-0.1362,4.061
9.842646,-1.5411,4.6871,-1.3492,5.115
9.854351,-0.4705,2.9123,-1.9531,3.538
9.869083,-0.6049,1.5041,-2.7973,3.233
9.884677,-0.7787,0.7831,-3.4402,3.613
9.896221,-0.5107,0.2490,-2.2829,2.353
9.912820,0.0921,-0.6288,-0.7990,1.021
9.926010,0.3110,-1.5197,-0.1237,1.556
9.940553,0.4153,-2.0550,0.3074,2.119
9.954308,0.5880,-2.4837,0.4264,2.588
9.969911,0.4672,-2.7502,0.1455,2.793
9.984385,0.4392,-3.0594,-0.1814,3.096
9.998327,0.6001,-3.3512,-0.0994,3.406
10.015101,0.6308,-3.5326,0.0199,3.589
10.028395,0.7682,-3.5899,0.1753,3.675
10.046106,0.8417,-3.3404,0.4349,3.472
10.056714,0.8024,-2.8443,0.6031,3.016
10.070810,0.5385,-2.3417,0.4914,2.453
10.086971,0.2705,-1.9850,0.5123,2.068
10.099631,0.0126,-1.5525,0.5522,1.648
10.115889,-0.1692,-1.0807,0.7277,1.314
10.131589,-0.1608,-0.7064,1.1988,1.401
10.143344,-0.0154,-0.4165,1.8291,1.876
10.159894,-0.0619,0.0605,2.0316,2.033
10.173355,-0.1118,0.4886,2.1110,2.170
10.193415,-0.2896,0.7673,1.9109,2.079
10.205369,-0.4016,0.9314,1.6382,1.927
10.216897,-0.4070,1.1950,1.2018,1.743
10.231221,0.0788,1.5013,1.1702,1.905
10.246969,0.4171,1.7444,1.6445,2.433
10.258909,0.3112,1.9262,2.3220,3.033
10.273426,-0.3488,2.8270,2.4754,3.774
10.292779,1.1971,4.4534,1.0925,4.739
10.305736,-0.1084,7.4521,-1.0743,7.530
10.318794,2.4578,4.8938,-3.0461,6.266
10.332591,3.9141,0.2998,-4.5084,5.978
10.348291,1.5739,-2.0004,-3.0998,4.011
10.361625,-1.8011,-2.8463,-2.6229,4.269
10.378326,-4.1244,-0.9091,-0.3593,4.239
10.392422,-2.4177,2.0819,0.4146,3.217
10.405500,-0.7587,4.1782,-0.4279,4.268
10.419582,0.0882,4.2531,-0.9884,4.367
10.435409,0.4064,2.5799,-3.0698,4.031
10.450653,0.1888,1.2348,-2.3856,2.693
10.463849,-0.1068,0.2163,-1.4027,1.423
10.479341,0.0862,-0.6817,-0.4304,0.811
10.492587,0.3380,-1.6113,0.5796,1.745
10.506187,0.1033,-2.2762,0.8231,2.423
10.522221,-0.2414,-2.8696,0.5563,2.933
10.536026,-0.7533,-3.3638,-0.3196,3.462
10.551535,-1.9101,-3.4775,-1.0304,4.099
10.566661,-1.2003,-3.3942,-1.0922,3.762
10.580453,-1.4079,-3.0632,-0.7457,3.453
10.594400,-1.3480,-2.8784,-0.1948,3.184
10.608917,-1.2070,-2.6800,0.1612,2.944
10.623105,-1.0780,-2.2783,0.3312,2.542
10.639474,-0.7987,-1.7575,0.4260,1.977
10.652887,-0.4492,-1.2753,0.4468,1.424
10.667899,-0.0392,-1.0117,0.4243,1.098
10.682902,0.1912,-0.9229,0.6186,1.127
10.696332,0.2786,-0.9658,0.9931,1.413
10.710946,0.1729,-1.0444,1.1582,1.569
10.725781,-0.0388,-1.0928,1.4486,1.815
10.740097,-0.1634,-0.9465,1.6320,1.894
10.755487,-0.2294,-0.4814,1.7050,1.786
10.769639,-0.1656,0.2063,1.6127,1.634
10.783286,0.1069,0.8806,1.5066,1.748
10.797987,0.4615,1.4500,1.4425,2.097
10.814356,0.5807,1.7577,1.4607,2.358
10.827539,0.4765,1.7008,1.7605,2.494
10.841586,-0.0414,1.5833,2.1980,2.709
10.856058,-0.0962,1.8588,2.6382,3.229
10.871250,0.9875,3.4648,2.0274,4.134
10.886115,0.2969,5.9601,1.4074,6.131
10.899701,-1.9612,6.2514,-0.1267,6.553
10.915213,-4.0465,3.2052,-5.0766,7.240
10.929610,-2.5772,-0.1535,-8.3929,8.781
10.942833,0.6542,-2.3915,-7.3201,7.729
10.958735,5.1461,-2.2061,-2.7039,6.218
10.972537,5.9915,1.2884,3.7038,7.161
10.987985,2.4441,4.7671,2.6508,5.977
11.002514,0.9219,4.4990,-0.6369,4.636
11.015903,-0.4739,3.0365,-1.9009,3.614
11.029043,-0.5003,1.0786,-1.9734,2.304
11.045221,-0.7935,-0.0307,-2.0307,2.180
11.059266,-1.4260,-0.5655,-1.7138,2.300
11.074630,-1.3538,-1.2047,-0.9903,2.065
11.091448,0.5538,-2.3809,0.3115,2.464
11.102320,-0.9070,-2.5533,-0.2917,2.725
11.118582,0.2835,-3.3934,-0.2057,3.411
11.132723,0.7034,-3.7483,0.0914,3.815
11.148633,0.9851,-3.6916,0.1188,3.823
11.160540,0.9547,-3.5297,-0.2201,3.663
11.176191,1.8685,-3.5657,-0.1335,4.028
11.191728,1.8531,-3.2235,0.0048,3.718
11.208832,1.4905,-2.6589,-0.0129,3.048
11.218265,0.8515,-2.0275,0.1782,2.206
11.235777,0.6395,-1.5772,0.1406,1.708
11.249037,-0.2120,-1.1181,0.2224,1.160
11.261282,-0.1322,-0.8204,0.7007,1.087
11.277933,-0.0420,-0.7853,1.1051,1.356
11.293102,-0.2135,-0.6223,1.5468,1.681
11.306103,0.0112,-0.5815,2.0674,2.148
11.322671,0.1689,-0.2661,2.4156,2.436
11.335150,0.1781,0.2665,2.4392,2.460
11.352329,-0.1610,0.8291,2.1724,2.331
11.367396,-0.4334,1.1279,1.6546,2.049
11.379476,-0.4494,1.2226,1.2302,1.792
11.394614,-0.5578,1.7509,1.2717,2.235
11.410943,-0.2741,1.9668,1.4556,2.462
11.421727,-0.0235,1.8871,2.1974,2.897
11.437454,0.1003,1.5133,3.0217,3.381
11.453082,-0.0859,1.4528,3.1362,3.457
11.466552,0.7561,3.2010,1.1950,3.499
11.482453,2.0048,5.4946,-1.6861,6.087
11.495949,2.9250,4.0353,-5.5663,7.471
11.510935,5.4103,0.3534,-6.5892,8.533
11.524873,3.0521,-2.6919,-4.2159,5.860
11.537361,-0.6158,-3.1203,-2.1287,3.827
11.554066,-4.4726,-1.4024,0.2770,4.695
11.569691,-5.1769,1.6118,0.8964,5.496
11.582053,-5.3246,5.0369,2.0816,7.619
11.596721,-1.6723,5.9428,-0.4367,6.189
11.612287,1.8272,5.4988,-1.8590,6.085
11.627422,2.1755,1.2680,-2.7573,3.734
11.641608,0.9279,-0.2088,-1.4817,1.761
11.653854,0.4458,-1.0924,-0.9016,1.485
11.670486,-0.1433,-1.4538,0.0015,1.461
11.685400,-0.1230,-2.0959,0.7187,2.219
11.697862,-0.3363,-2.5356,-0.0085,2.558
11.714338,-0.7050,-3.0463,-0.5521,3.175
11.727234,-1.0879,-3.2161,-0.7144,3.469
11.742779,-1.0074,-3.4147,-0.4296,3.586
11.755728,-0.8617,-3.3738,-0.0903,3.483
11.771456,-0.8779,-3.2144,0.3034,3.346
11.787221,-0.7625,-2.6819,0.0901,2.790
11.802721,-0.8209,-2.1699,0.3223,2.342
11.817553,-0.8519,-1.6284,0.6074,1.936
11.830405,-0.8088,-1.3016,0.8647,1.760
11.846038,-0.7392,-1.0914,0.7469,1.515
11.858608,-0.6504,-0.8284,0.7155,1.273
11.873332,-0.5470,-0.6628,0.9505,1.281
11.887792,-0.3685,-0.5933,1.1209,1.321
11.901764,-0.0290,-0.4691,1.3697,1.448
11.917019,0.4082,-0.1255,1.6236,1.679
11.931438,0.7469,0.4123,1.6299,1.840
11.948036,1.0725,0.9475,1.9242,2.398
11.960927,0.9910,1.2815,2.1704,2.708
11.975591,0.3459,1.4019,2.1718,2.608
11.990220,-0.3951,1.3126,2.1767,2.572
12.011427,-0.8458,1.1019,2.4182,2.789
12.017087,-0.3740,1.2585,2.2948,2.644
12.032993,0.6017,2.9894,2.0941,3.699
12.049020,-0.4447,5.0243,1.6630,5.311
12.061383,-2.7159,3.0449,-3.2109,5.192
12.076983,-3.5187,1.1217,-8.1665,8.963
12.093167,-0.3789,-1.1763,-9.8328,9.910
12.109945,3.8510,-1.6862,-6.2649,7.545
12.130329,6.8628,0.6285,1.6835,7.094
12.133277,4.0857,4.7647,3.0092,6.961
12.149360,0.4851,6.5360,0.6657,6.588
12.163557,-1.8684,5.3582,-0.5706,5.703
12.177059,-1.3994,3.3323,-1.6614,3.978
12.192670,-0.6683,1.7985,-1.7201,2.577
12.208567,-0.4486,0.8457,-1.6427,1.901
12.223599,-0.2711,0.1954,-0.8254,0.891
12.237088,-0.0303,-0.7134,-0.2497,0.756
12.252024,-0.4968,-2.0131,-0.0191,2.074
12.265471,0.0368,-3.3491,0.2121,3.356
12.280424,-0.7668,-3.8313,-0.1812,3.912
12.292795,0.1975,-4.5062,-0.1999,4.515
12.309057,0.5581,-4.6784,-0.2650,4.719
12.324818,0.9210,-4.3755,-0.4605,4.495
12.336702,1.1466,-3.8723,-0.4717,4.066
12.353333,1.1581,-3.2583,-0.3602,3.477
12.369433,1.2114,-2.7971,-0.2938,3.062
12.380472,1.1252,-2.2821,-0.1040,2.547
12.396726,0.8966,-1.8137,0.2196,2.035
12.412694,0.7764,-1.4464,0.4247,1.696
12.427279,0.7373,-1.1606,0.5038,1.464
12.439312,0.6845,-0.9559,0.6896,1.363
12.453321,0.4878,-0.7256,1.1514,1.446
12.470866,0.0605,-0.4577,1.6376,1.701
12.485051,-0.3640,-0.1669,1.9814,2.021
12.499053,-0.4668,0.0511,2.0105,2.065
12.514035,-0.2705,0.2603,1.9397,1.976
12.528039,0.0388,0.7315,1.7169,1.867
12.539715,0.1247,1.2298,1.4426,1.900
12.555278,0.0262,1.6715,1.1972,2.056
12.570261,-0.0690,1.6824,1.4192,2.202
12.584318,0.0729,1.4505,2.2037,2.639
12.601238,0.0738,1.2272,3.4438,3.657
12.615213,-0.3957,1.3678,3.2440,3.543
12.631229,0.3369,4.0489,1.0731,4.202
12.643797,1.8309,6.3227,-1.4890,6.749
12.658438,3.0348,5.5800,-4.8382,7.985
12.673359,4.1739,0.7855,-6.2894,7.589
12.686391,0.6155,-1.0530,-4.0865,4.265
12.699660,-2.7492,-0.4703,-0.4128,2.820
12.716627,-4.9362,2.3265,1.8019,5.747
12.732000,-3.7381,4.1534,2.0184,5.941
12.744031,-1.6901,4.1192,-0.0877,4.453
12.760759,-0.3277,2.8826,-2.8251,4.049
12.774045,-0.1729,1.5857,-3.6813,4.012
12.790081,-0.2826,0.2902,-2.4568,2.490
12.810067,-0.1902,-0.6164,-0.9572,1.154
12.816830,-0.2546,-1.5143,-0.0592,1.537
12.832830,-0.0245,-2.5163,0.2292,2.527
12.848167,0.1854,-3.2763,-0.1052,3.283
12.860692,0.1026,-3.5607,-1.0724,3.720
12.877126,-0.4541,-3.5845,-1.9595,4.110
12.891039,-0.7945,-3.5716,-1.8277,4.090
12.910144,-1.8223,-3.3411,-1.1279,3.969
12.927769,-1.1684,-3.3247,-0.4520,3.553
12.932770,-1.3728,-3.1049,-0.0977,3.396
12.949175,-1.3988,-2.7960,-0.0022,3.126
12.964993,-1.2058,-2.4100,0.1425,2.699
12.977816,-1.0035,-1.8572,0.2775,2.129
12.993431,-0.8610,-1.3939,0.4709,1.705
13.011519,-0.8633,-1.0600,0.6264,1.504
13.028471,-0.6561,-0.8758,0.9562,1.453
13.038034,-0.6416,-0.6104,1.3247,1.593
13.052255,-0.4576,-0.4173,1.5695,1.687
13.064810,-0.3838,-0.3018,1.5498,1.625
13.080782,-0.1454,-0.0859,1.5252,1.535
13.093834,0.1695,0.2609,1.6723,1.701
13.110831,0.5584,0.6644,1.6195,1.837
13.128015,0.8917,1.0730,1.6213,2.139
13.136377,0.7983,1.5289,1.6528,2.389
13.153242,0.3124,1.9472,1.7772,2.655
13.167222,-0.6264,1.9097,2.2534,3.019
13.180373,-1.1720,1.7489,2.5646,3.318
13.195794,-0.5364,2.1236,2.4782,3.307
13.209950,-0.2607,4.0259,1.6487,4.358
13.225052,-1.3702,5.8290,0.6858,6.027
13.239808,-4.7646,4.5096,-3.8248,7.594
13.252801,-3.3359,1.4514,-7.2389,8.102
13.268009,0.7850,-1.9162,-6.7944,7.103
13.282753,5.3138,-3.9336,-4.0784,7.768
13.296895,7.6528,-2.3723,2.9204,8.528
13.311389,4.4287,2.2093,4.4198,6.635
13.326048,-0.0412,5.1062,-0.3302,5.117
13.340603,-0.8352,4.7825,-2.7705,5.590
13.354329,0.0732,3.2654,-2.5202,4.125
13.370447,-0.2448,2.4147,-1.3681,2.786
13.383747,-0.6490,1.9911,-1.4422,2.543
13.398111,-0.3756,1.1893,-0.7017,1.431
13.412951,0.0998,0.3449,-0.0312,0.360
13.427002,-0.0162,-0.6402,-0.0315,0.641
13.441297,-0.1029,-1.5679,0.1407,1.578
13.456713,-0.5130,-2.0280,0.0686,2.093
13.471287,0.4348,-2.5834,0.2868,2.635
13.486026,0.1461,-3.0529,-0.5299,3.102
13.498494,0.9178,-3.6008,-0.3204,3.730
13.514183,0.4837,-3.6251,-0.3851,3.677
13.528811,0.2472,-4.0079,-0.6986,4.076
13.542953,-0.0416,-3.6870,-0.8122,3.776
13.557841,0.0282,-3.1551,-0.9051,3.282
13.573766,0.3952,-2.8342,-0.6662,2.938
13.587143,0.7321,-2.5460,-0.3012,2.666
13.602544,0.9664,-2.1022,-0.0178,2.314
13.616499,0.9028,-1.6302,0.3598,1.898
13.631179,0.6691,-1.2060,0.8340,1.612
13.645242,0.4197,-0.8292,1.2590,1.565
13.658623,0.2365,-0.5655,1.7120,1.818
13.675852,0.2448,-0.3603,1.8961,1.945
13.690779,0.5023,-0.2947,1.8458,1.935
13.709737,0.8314,0.1468,2.2324,2.387
13.717349,0.7901,0.8177,2.2617,2.531
13.732288,0.4830,1.2811,1.9386,2.373
13.746487,0.3180,1.4927,1.7264,2.304
13.761851,0.2083,1.4801,2.0974,2.576
13.776148,-0.2120,1.4166,2.6719,3.032
13.791245,-0.7074,1.9122,3.4396,3.998
13.810662,-1.5216,3.7697,1.9945,4.528
13.818241,0.4826,6.4512,-0.7760,6.516
13.834292,4.9770,3.7173,-3.0168,6.906
13.849613,2.5243,1.9315,-4.3075,5.353
13.864006,1.1703,-1.7939,-3.0348,3.715
13.879586,-2.2712,-1.9653,-3.0107,4.253
13.892555,-4.5502,1.5031,-2.5569,5.431
13.910597,-2.4325,4.5707,-1.3982,5.363
13.926942,0.5219,4.8673,-0.7209,4.948
13.935463,1.7164,3.6036,-0.3358,4.006
13.951301,2.1537,1.5431,-1.4574,3.024
13.966495,2.0253,0.2863,-2.0818,2.919
13.980392,1.4968,-0.5358,-1.9227,2.495
13.994438,0.7697,-1.3564,-1.1587,1.943
14.008644,0.1080,-2.2478,-0.3267,2.274
14.023041,-0.2993,-3.0284,-0.0472,3.044
14.038905,-0.6745,-3.5205,-0.0437,3.585
14.054286,-1.0464,-3.7504,0.0754,3.894
14.068306,-1.1463,-3.4391,-0.1172,3.627
14.083802,-1.4450,-2.9181,-0.2938,3.269
14.097500,-1.6634,-2.5123,-0.5022,3.055
14.110730,-1.7347,-2.2356,-0.2061,2.837
14.125123,-1.5631,-1.8436,0.0375,2.417
14.139403,-1.5318,-1.3489,0.0197,2.041
14.155563,-1.3936,-0.9624,-0.0087,1.694
14.170507,-1.0641,-0.6489,0.3016,1.282
14.182647,-0.6991,-0.5385,0.7582,1.163
14.196280,-0.4121,-0.6727,1.0528,1.316
14.212270,-0.2461,-0.8319,1.1753,1.461
14.227202,-0.1212,-0.8827,1.2201,1.511
14.241281,-0.0507,-0.8751,1.3144,1.580
14.256002,-0.0627,-0.8342,1.4135,1.643
14.270466,-0.0447,-0.7392,1.6315,1.792
14.285894,0.0419,-0.3450,1.7256,1.760
14.299341,0.1971,0.3108,1.6791,1.719
14.314291,0.4550,0.9863,1.6775,1.998
14.328700,0.4540,1.3889,1.6751,2.223
14.341920,0.0699,1.4604,1.4757,2.077
14.357631,-0.4689,1.4854,1.5071,2.167
14.374539,-0.3325,1.6851,1.6747,2.399
14.387132,0.5094,3.0682,1.5211,3.462
14.402358,0.0245,5.8408,1.7776,6.105
14.416305,-2.6006,5.7744,-0.0386,6.333
14.431719,-3.7879,3.3210,-3.7525,6.282
14.447111,-0.9368,0.3490,-5.7103,5.797
14.459122,2.8839,-2.3388,-4.5525,5.875
14.475150,5.7245,-3.4028,-1.8866,6.922
14.487661,4.7596,-0.6818,0.8584,4.884
14.502241,0.9176,3.1084,0.0739,3.242
14.517775,0.0575,4.4150,-1.0119,4.530
14.532360,-0.1830,3.5372,-1.3422,3.788
14.548103,0.1282,2.5871,-2.0474,3.302
14.560401,0.2944,2.0532,-2.0121,2.890
14.575790,0.1659,1.4063,-1.1970,1.854
14.589896,-0.2539,0.5084,-0.8464,1.019
14.608389,-0.4914,-0.6094,-0.0854,0.788
14.626815,-0.6670,-1.7218,0.1711,1.854
14.635306,-0.5654,-2.6271,0.0734,2.688
14.648723,-0.3563,-3.2577,-0.0835,3.278
14.661324,-0.2080,-3.2748,-0.2374,3.290
14.678105,0.4292,-3.7794,-1.0996,3.959
14.691934,1.2722,-3.7523,-0.7600,4.034
14.708322,1.3565,-3.4754,-0.5455,3.770
14.733098,1.0870,-3.1529,-0.4106,3.360
14.734234,0.7105,-2.7977,-0.2549,2.898
14.750703,0.2894,-2.3894,-0.0524,2.407
14.765640,0.0923,-2.0805,0.2223,2.094
14.778452,-0.0670,-1.6353,0.2646,1.658
14.793718,-0.1498,-1.1895,0.3486,1.249
14.808427,-0.0847,-0.9130,0.7046,1.156
14.827269,-0.0598,-0.7590,1.1723,1.398
14.837034,-0.0882,-0.5667,1.7084,1.802
14.851199,-0.1757,-0.3238,1.9889,2.023
14.866396,-0.1605,0.0367,1.9778,1.985
14.881011,0.1695,0.4214,1.8043,1.861
14.895852,0.3724,0.7578,1.5939,1.804
14.910110,0.2364,1.2163,1.2387,1.752
14.928132,0.4593,1.5399,1.2193,2.017
14.937126,0.6172,1.8907,1.5658,2.531
14.954009,1.0045,2.0159,2.2793,3.204
14.968376,0.8614,2.9932,2.8297,4.208
14.981816,0.8286,6.0470,1.1279,6.207
14.996324,1.6350,6.8681,-0.3940,7.071
15.010422,1.7653,4.6349,-2.6633,5.630
15.025241,1.9206,1.4306,-3.4782,4.223
15.040406,-0.4855,-0.8268,-2.9372,3.090
15.054207,-2.7150,-2.6071,-1.7946,4.170
15.070473,-4.2723,-3.0211,-0.7225,5.282
15.084889,-3.5754,-1.5861,0.1221,3.913
15.099053,-1.4476,1.4590,0.5884,2.138
15.115367,0.1659,4.0098,-1.4721,4.275
15.129623,0.0248,4.0403,-2.7724,4.900
15.141452,0.2252,2.5946,-1.5002,3.006
15.156109,0.1112,1.2710,-1.0426,1.648
15.171312,-0.2035,0.0811,-1.1652,1.186
15.184653,0.0193,-1.1644,-0.2251,1.186
15.216901,-0.1044,-1.9967,0.5931,2.086
15.227084,-0.3191,-2.7273,0.3798,2.772
15.233692,-0.7867,-3.1667,-0.1361,3.266
15.242761,-1.0926,-3.4132,-0.4130,3.608
15.258739,-1.4557,-3.3312,-0.5773,3.681
15.271330,-1.3972,-3.1364,-0.5195,3.473
15.285687,-1.1293,-2.8489,-0.1531,3.068
15.300405,-1.2902,-2.1837,-0.1633,2.542
15.316149,-0.6936,-2.0476,0.1126,2.165
15.334614,-0.2072,-1.7618,0.5074,1.845
15.344488,-0.6031,-1.1131,0.7463,1.470
15.359213,-0.7914,-0.6793,0.7415,1.280
15.374208,-0.7390,-0.6387,0.8380,1.287
15.388117,-0.7704,-0.5609,0.8104,1.251
15.402507,-0.7119,-0.8465,1.2142,1.642
15.418261,-0.5851,-0.8192,1.3008,1.645
15.432149,0.0256,-1.0046,1.4698,1.780
15.447263,0.5367,-0.7106,1.4808,1.728
15.460020,0.6599,0.2182,1.2434,1.424
15.475187,0.8626,0.9977,1.4275,1.944
15.489859,-0.1524,1.7053,0.2999,1.738
15.503658,-0.4222,2.3337,0.4172,2.408
15.525049,-0.8899,2.1539,1.2425,2.641
15.532806,-0.4360,2.2682,1.9287,3.009
15.547891,0.4052,3.1004,2.0719,3.751
15.562469,-0.1851,5.0895,2.2450,5.566
15.576143,-2.4946,6.1714,-0.4085,6.669
15.591715,-4.0982,4.2386,-5.2150,7.871
15.606210,-1.4671,0.3039,-6.2743,6.451
15.625008,1.6573,-2.7801,-3.2784,4.607
15.643393,3.6025,-4.3689,0.2638,5.669
15.651010,2.8853,-2.6940,2.3412,4.589
15.663613,1.2690,0.9743,1.5360,2.218
15.679941,0.0233,4.2948,-0.6265,4.340
15.693127,0.2313,4.8348,-1.7448,5.145
15.708289,-0.1837,3.4381,-2.2242,4.099
15.725661,-1.0142,1.2672,-2.6319,3.092
15.744075,-0.9463,-0.1461,-0.8578,1.286
15.752148,-0.6974,-0.9165,0.1437,1.161
15.766891,-0.5486,-1.2709,0.5377,1.485
15.780609,-0.4113,-1.5924,0.3690,1.686
15.796270,-0.3775,-2.0058,0.0272,2.041
15.810437,-0.5771,-1.5988,-0.1365,1.705
15.825487,-0.6361,-2.3290,-0.5902,2.485
15.841188,0.1113,-3.0487,-0.5687,3.103
15.854142,0.1537,-3.0229,-0.2100,3.034
15.868725,0.5674,-3.0749,-0.0699,3.128
15.884009,0.2600,-2.6818,0.5095,2.742
15.897804,0.4287,-2.6210,0.4784,2.699
15.913133,0.0296,-2.1875,0.2248,2.199
15.925218,-0.0010,-1.9834,0.3574,2.015
15.942558,0.0326,-1.4587,0.0553,1.460
15.955155,0.1395,-0.9300,0.8500,1.268
15.970042,0.1701,-0.6950,1.2308,1.424
15.983639,0.2328,-0.5364,1.5254,1.634
15.998968,0.0858,-0.3546,1.2566,1.308
16.013710,0.0898,-0.1696,1.2639,1.278
16.028301,0.0415,0.0007,1.1711,1.172
16.043071,0.1197,0.2849,0.9761,1.024
16.057613,0.1065,0.4394,0.6773,0.814
16.071511,0.1149,0.8060,0.6031,1.013
16.085765,0.1905,1.2475,0.9701,1.592
16.100096,-0.3050,1.9508,1.4959,2.477
16.117053,-0.4847,4.3731,0.8877,4.489
16.129257,0.8125,5.7153,-1.3139,5.920
16.142945,1.2943,4.4694,-3.6725,5.928
16.158621,1.2046,2.8167,-6.0288,6.763
16.172810,-0.3066,0.1863,-3.9544,3.971
16.188411,-1.9130,-1.5750,-1.8698,3.104
16.203604,-1.8942,-2.5439,0.2331,3.180
16.217619,-1.1709,-0.9145,1.1999,1.910
16.232301,-0.0615,1.0183,-0.1972,1.039
16.247241,0.6430,1.9033,-2.4774,3.190
16.258922,0.5690,1.9336,-2.5404,3.243
16.275916,-0.2546,1.5396,-2.0666,2.590
16.289519,-0.4254,1.0611,-1.6157,1.979
16.303657,-0.2912,0.7118,-1.2750,1.489
16.327018,-0.1806,0.3564,-1.0504,1.124
16.332735,-0.3771,0.1800,-0.9041,0.996
16.347797,-0.6778,0.0026,-0.7718,1.027
16.363838,-0.7941,-0.3048,-0.8566,1.207
16.376976,-0.6498,-0.7494,-0.9232,1.355
16.392768,-0.4786,-1.0456,-0.8990,1.460
16.405490,-0.2635,-1.0887,-0.7872,1.369
16.424777,0.1447,-1.0157,-0.5641,1.171
16.446130,-0.3721,-1.0759,-0.5544,1.266
16.449815,-0.5086,-0.8867,-0.4462,1.115
16.463058,-0.2865,-0.7967,-0.3642,0.922
16.478507,-0.3108,-0.7220,-0.3664,0.867
16.492534,-0.2065,-0.6163,-0.1634,0.670
16.507436,-0.3035,-0.4053,0.0675,0.511
16.525299,0.0381,-0.2912,0.5121,0.590
16.540333,-0.1939,-0.2139,-0.0515,0.293
16.551736,-0.2620,-0.3655,-0.1075,0.462
16.566308,-0.3884,-0.5378,0.0777,0.668
16.578716,-0.4433,-0.7540,0.0176,0.875
16.594270,-0.6933,-0.8689,-0.5495,1.240
16.609658,-0.6788,-1.2378,-0.9769,1.717
16.625621,-0.0875,-1.2575,-0.9052,1.552
16.642610,0.2870,-0.3924,-0.9669,1.082
16.652390,0.1952,0.7338,-1.9518,2.094
16.667896,0.7400,0.5625,-2.9362,3.080
16.682262,1.7886,0.1012,-2.5329,3.102
16.697249,2.4061,-0.4191,-0.2480,2.455
16.710758,0.7829,0.3959,1.1273,1.428
16.724568,0.0582,2.0006,0.6963,2.119
16.739997,0.2378,2.7439,-0.4906,2.798
16.754499,0.6535,2.6869,-1.1320,2.988
16.769531,0.6662,2.1988,-1.4205,2.701
16.783050,0.2801,1.3145,-1.0956,1.734
16.798487,-0.1135,0.7497,-0.7353,1.056
16.812333,-0.1211,0.1024,-0.2106,0.264
16.827480,0.0367,-0.4124,0.0058,0.414
16.845000,0.1696,-0.7451,-0.1626,0.781
16.856780,0.3013,-0.7884,-0.3867,0.928
16.870089,0.4407,-0.6936,-0.5503,0.989
16.885340,0.5709,-0.7088,-0.6899,1.142
16.898935,0.6072,-0.7572,-0.7221,1.210
16.915131,0.6119,-0.6236,-0.6706,1.101
16.927690,0.7053,-0.4727,-0.8104,1.174
16.947535,0.6475,-0.3278,-1.1290,1.342
16.958836,0.5152,-0.1310,-1.4518,1.546
16.972129,0.6444,0.2439,-1.5999,1.742
16.987058,0.5202,0.5526,-1.5225,1.701
17.001816,0.1580,0.3645,-0.8697,0.956
17.016907,-0.4864,0.0427,-0.0923,0.497
17.030754,-0.6100,0.0005,0.0807,0.615
17.045283,-0.5153,-0.1410,0.1528,0.556
17.058842,-0.2522,-0.2865,0.0656,0.387
17.074830,0.1230,-0.3191,-0.1491,0.373
17.089555,0.4529,-0.1826,-0.6569,0.819
17.102334,0.4280,-0.3030,-0.8012,0.958
17.118461,0.3753,-0.3202,-1.0985,1.204
17.132174,0.3258,-0.2747,-1.3091,1.377
17.146972,0.2108,-0.2175,-1.1598,1.199
17.161265,0.0887,-0.1635,-0.7245,0.748
17.176506,-0.0397,-0.0666,-0.2523,0.264
17.192318,-0.0592,-0.0065,-0.2653,0.272
17.203698,-0.0103,0.1585,-0.3457,0.380
17.219263,-0.0262,0.2526,-0.3700,0.449
17.235316,-0.0144,0.2751,-0.4541,0.531
17.249473,0.0462,0.2458,-0.4593,0.523
17.262668,-0.0046,0.2078,-0.3816,0.434
17.279001,-0.0712,0.0980,-0.3212,0.343
17.292284,-0.1152,-0.0877,-0.2623,0.300
17.306296,-0.2018,-0.2212,-0.2375,0.382
17.325825,-0.2552,-0.3028,-0.2312,0.459
17.334663,-0.2191,-0.3199,-0.5923,0.708
17.350675,-0.1285,-0.2266,-0.2571,0.366
17.363642,-0.1490,-0.0227,-0.3376,0.370
17.378077,-0.0932,0.0627,-0.3785,0.395
17.392059,0.0483,0.0871,-0.3266,0.341
17.407506,0.1377,0.1256,-0.2693,0.328
17.423174,0.0930,0.1078,-0.0044,0.142
17.438154,-0.0087,0.0837,0.1010,0.131
17.452234,-0.1381,0.2024,-0.4395,0.503
17.467393,-0.0333,0.0139,-0.1004,0.107
